COUNTY_ID,COUNTY,TOWN_ID,TOWN,V_ID,VILLAGE,H_CNT,P_CNT,M_CNT,F_CNT,INFO_TIME
縣市代碼,縣市名稱,鄉鎮市區代碼,鄉鎮市區名稱,村里代碼,村里名稱,戶數,人口數,男性人口數,女性人口數,資料時間
"67000","臺南市","67000010","新營區","67000010-001","忠政里",2299,5039,2420,2619,"114Y12M"
"67000","臺南市","67000010","新營區","67000010-002","民權里",1253,2669,1306,1363,"114Y12M"
"67000","臺南市","67000010","新營區","67000010-003","三仙里",1308,2994,1436,1558,"114Y12M"
"67000","臺南市","67000010","新營區","67000010-007","大宏里",1450,3392,1648,1744,"114Y12M"
"67000","臺南市","67000010","新營區","67000010-008","王公里",1819,4491,2239,2252,"114Y12M"
"67000","臺南市","67000010","新營區","67000010-009","中營里",522,1224,601,623,"114Y12M"
"67000","臺南市","67000010","新營區","67000010-010","土庫里",600,1538,771,767,"114Y12M"
"67000","臺南市","67000010","新營區","67000010-012","南興里",1196,2501,1190,1311,"114Y12M"
"67000","臺南市","67000010","新營區","67000010-013","興業里",954,1901,869,1032,"114Y12M"
"67000","臺南市","67000010","新營區","67000010-014","民生里",1520,3518,1754,1764,"114Y12M"
"67000","臺南市","67000010","新營區","67000010-015","民榮里",2400,5254,2526,2728,"114Y12M"
"67000","臺南市","67000010","新營區","67000010-016","埤寮里",756,1883,935,948,"114Y12M"
"67000","臺南市","67000010","新營區","67000010-017","護鎮里",620,1498,767,731,"114Y12M"
"67000","臺南市","67000010","新營區","67000010-018","太南里",837,1787,967,820,"114Y12M"
"67000","臺南市","67000010","新營區","67000010-019","太北里",748,1857,961,896,"114Y12M"
"67000","臺南市","67000010","新營區","67000010-020","南紙里",1786,4285,2013,2272,"114Y12M"
"67000","臺南市","67000010","新營區","67000010-021","嘉芳里",847,2094,1040,1054,"114Y12M"
"67000","臺南市","67000010","新營區","67000010-025","五興里",705,1592,839,753,"114Y12M"
"67000","臺南市","67000010","新營區","67000010-026","姑爺里",415,866,464,402,"114Y12M"
"67000","臺南市","67000010","新營區","67000010-027","新北里",2579,6224,2983,3241,"114Y12M"
"67000","臺南市","67000010","新營區","67000010-028","新南里",2820,6714,3177,3537,"114Y12M"
"67000","臺南市","67000010","新營區","67000010-029","新東里",3206,8522,4129,4393,"114Y12M"
"67000","臺南市","67000010","新營區","67000010-030","永平里",1276,2650,1362,1288,"114Y12M"
"67000","臺南市","67000020","鹽水區","67000020-001","水秀里",751,1736,869,867,"114Y12M"
"67000","臺南市","67000020","鹽水區","67000020-008","橋南里",1749,4118,2059,2059,"114Y12M"
"67000","臺南市","67000020","鹽水區","67000020-010","汫水里",416,901,488,413,"114Y12M"
"67000","臺南市","67000020","鹽水區","67000020-011","岸內里",1916,4500,2295,2205,"114Y12M"
"67000","臺南市","67000020","鹽水區","67000020-014","歡雅里",750,1674,879,795,"114Y12M"
"67000","臺南市","67000020","鹽水區","67000020-026","津城里",752,1540,816,724,"114Y12M"
"67000","臺南市","67000020","鹽水區","67000020-027","月港里",720,1617,831,786,"114Y12M"
"67000","臺南市","67000020","鹽水區","67000020-028","三明里",691,1591,831,760,"114Y12M"
"67000","臺南市","67000020","鹽水區","67000020-029","義中里",772,1718,896,822,"114Y12M"
"67000","臺南市","67000020","鹽水區","67000020-030","文昌里",485,1011,559,452,"114Y12M"
"67000","臺南市","67000020","鹽水區","67000020-031","竹林里",470,1053,564,489,"114Y12M"
"67000","臺南市","67000020","鹽水區","67000020-032","三和里",400,865,478,387,"114Y12M"
"67000","臺南市","67000020","鹽水區","67000020-033","?頭港里",578,1311,718,593,"114Y12M"
"67000","臺南市","67000030","白河區","67000030-001","白河里",761,1690,836,854,"114Y12M"
"67000","臺南市","67000030","白河區","67000030-002","永安里",1417,3430,1688,1742,"114Y12M"
"67000","臺南市","67000030","白河區","67000030-003","外角里",654,1513,760,753,"114Y12M"
"67000","臺南市","67000030","白河區","67000030-004","庄內里",748,1764,909,855,"114Y12M"
"67000","臺南市","67000030","白河區","67000030-005","秀祐里",369,936,490,446,"114Y12M"
"67000","臺南市","67000030","白河區","67000030-006","河東里",575,1296,677,619,"114Y12M"
"67000","臺南市","67000030","白河區","67000030-007","虎山里",186,409,225,184,"114Y12M"
"67000","臺南市","67000030","白河區","67000030-008","大林里",247,540,306,234,"114Y12M"
"67000","臺南市","67000030","白河區","67000030-009","崁頭里",166,344,179,165,"114Y12M"
"67000","臺南市","67000030","白河區","67000030-010","六溪里",216,496,285,211,"114Y12M"
"67000","臺南市","67000030","白河區","67000030-011","仙草里",542,1097,549,548,"114Y12M"
"67000","臺南市","67000030","白河區","67000030-012","關嶺里",458,974,496,478,"114Y12M"
"67000","臺南市","67000030","白河區","67000030-014","大竹里",567,1411,748,663,"114Y12M"
"67000","臺南市","67000030","白河區","67000030-018","竹門里",375,870,445,425,"114Y12M"
"67000","臺南市","67000030","白河區","67000030-019","崎內里",312,700,393,307,"114Y12M"
"67000","臺南市","67000030","白河區","67000030-020","昇安里",577,1415,719,696,"114Y12M"
"67000","臺南市","67000030","白河區","67000030-021","汴頭里",295,723,385,338,"114Y12M"
"67000","臺南市","67000030","白河區","67000030-022","內角里",297,631,366,265,"114Y12M"
"67000","臺南市","67000030","白河區","67000030-025","詔豐里",840,2005,1067,938,"114Y12M"
"67000","臺南市","67000030","白河區","67000030-026","廣蓮里",601,1474,788,686,"114Y12M"
"67000","臺南市","67000030","白河區","67000030-027","馬稠後里",576,1230,669,561,"114Y12M"
"67000","臺南市","67000040","柳營區","67000040-001","士林里",954,2126,1098,1028,"114Y12M"
"67000","臺南市","67000040","柳營區","67000040-002","光福里",703,1658,868,790,"114Y12M"
"67000","臺南市","67000040","柳營區","67000040-003","中埕里",578,1323,675,648,"114Y12M"
"67000","臺南市","67000040","柳營區","67000040-004","東昇里",1348,3107,1568,1539,"114Y12M"
"67000","臺南市","67000040","柳營區","67000040-005","八翁里",609,1479,748,731,"114Y12M"
"67000","臺南市","67000040","柳營區","67000040-006","人和里",326,734,357,377,"114Y12M"
"67000","臺南市","67000040","柳營區","67000040-007","太康里",685,1557,785,772,"114Y12M"
"67000","臺南市","67000040","柳營區","67000040-008","重溪里",719,1788,935,853,"114Y12M"
"67000","臺南市","67000040","柳營區","67000040-009","篤農里",547,1282,679,603,"114Y12M"
"67000","臺南市","67000040","柳營區","67000040-010","大農里",264,674,348,326,"114Y12M"
"67000","臺南市","67000040","柳營區","67000040-011","神農里",565,1383,739,644,"114Y12M"
"67000","臺南市","67000040","柳營區","67000040-012","果毅里",494,1189,655,534,"114Y12M"
"67000","臺南市","67000040","柳營區","67000040-013","旭山里",606,1531,858,673,"114Y12M"
"67000","臺南市","67000050","後壁區","67000050-001","後壁里",773,1789,901,888,"114Y12M"
"67000","臺南市","67000050","後壁區","67000050-002","侯伯里",513,1319,675,644,"114Y12M"
"67000","臺南市","67000050","後壁區","67000050-003","嘉苳里",533,1353,708,645,"114Y12M"
"67000","臺南市","67000050","後壁區","67000050-004","土溝里",519,1291,667,624,"114Y12M"
"67000","臺南市","67000050","後壁區","67000050-010","竹新里",598,1373,709,664,"114Y12M"
"67000","臺南市","67000050","後壁區","67000050-011","新東里",758,1724,874,850,"114Y12M"
"67000","臺南市","67000050","後壁區","67000050-012","頂安里",600,1394,681,713,"114Y12M"
"67000","臺南市","67000050","後壁區","67000050-013","長安里",510,1151,600,551,"114Y12M"
"67000","臺南市","67000050","後壁區","67000050-014","福安里",776,1778,912,866,"114Y12M"
"67000","臺南市","67000050","後壁區","67000050-018","菁寮里",637,1314,687,627,"114Y12M"
"67000","臺南市","67000050","後壁區","67000050-019","新嘉里",474,954,513,441,"114Y12M"
"67000","臺南市","67000050","後壁區","67000050-022","長短樹里",868,2012,1064,948,"114Y12M"
"67000","臺南市","67000050","後壁區","67000050-023","上茄苳里",895,2176,1143,1033,"114Y12M"
"67000","臺南市","67000050","後壁區","67000050-024","菁豐里",573,1212,622,590,"114Y12M"
"67000","臺南市","67000060","東山區","67000060-001","東山里",695,1575,836,739,"114Y12M"
"67000","臺南市","67000060","東山區","67000060-002","東中里",1201,2736,1384,1352,"114Y12M"
"67000","臺南市","67000060","東山區","67000060-003","東正里",662,1489,784,705,"114Y12M"
"67000","臺南市","67000060","東山區","67000060-004","三榮里",429,956,501,455,"114Y12M"
"67000","臺南市","67000060","東山區","67000060-005","大客里",457,1073,565,508,"114Y12M"
"67000","臺南市","67000060","東山區","67000060-006","科里里",567,1167,620,547,"114Y12M"
"67000","臺南市","67000060","東山區","67000060-007","東河里",384,800,431,369,"114Y12M"
"67000","臺南市","67000060","東山區","67000060-008","南溪里",177,413,240,173,"114Y12M"
"67000","臺南市","67000060","東山區","67000060-009","水雲里",192,351,210,141,"114Y12M"
"67000","臺南市","67000060","東山區","67000060-010","林安里",170,352,206,146,"114Y12M"
"67000","臺南市","67000060","東山區","67000060-011","東原里",879,2035,1097,938,"114Y12M"
"67000","臺南市","67000060","東山區","67000060-012","嶺南里",261,624,340,284,"114Y12M"
"67000","臺南市","67000060","東山區","67000060-013","南勢里",449,1079,589,490,"114Y12M"
"67000","臺南市","67000060","東山區","67000060-014","青山里",485,1071,586,485,"114Y12M"
"67000","臺南市","67000060","東山區","67000060-015","高原里",363,859,486,373,"114Y12M"
"67000","臺南市","67000060","東山區","67000060-016","聖賢里",833,1910,989,921,"114Y12M"
"67000","臺南市","67000070","麻豆區","67000070-003","東角里",1273,3108,1504,1604,"114Y12M"
"67000","臺南市","67000070","麻豆區","67000070-004","?江里",1133,2796,1392,1404,"114Y12M"
"67000","臺南市","67000070","麻豆區","67000070-005","巷口里",1182,2694,1337,1357,"114Y12M"
"67000","臺南市","67000070","麻豆區","67000070-006","中興里",895,2125,1048,1077,"114Y12M"
"67000","臺南市","67000070","麻豆區","67000070-007","興農里",839,1980,1026,954,"114Y12M"
"67000","臺南市","67000070","麻豆區","67000070-009","油車里",1590,4055,2056,1999,"114Y12M"
"67000","臺南市","67000070","麻豆區","67000070-010","北勢里",485,1115,591,524,"114Y12M"
"67000","臺南市","67000070","麻豆區","67000070-011","大埕里",1357,3304,1608,1696,"114Y12M"
"67000","臺南市","67000070","麻豆區","67000070-014","南勢里",1072,2542,1259,1283,"114Y12M"
"67000","臺南市","67000070","麻豆區","67000070-015","寮?里",811,1944,986,958,"114Y12M"
"67000","臺南市","67000070","麻豆區","67000070-017","埤頭里",979,2420,1256,1164,"114Y12M"
"67000","臺南市","67000070","麻豆區","67000070-019","海埔里",938,2200,1172,1028,"114Y12M"
"67000","臺南市","67000070","麻豆區","67000070-021","港尾里",732,1481,751,730,"114Y12M"
"67000","臺南市","67000070","麻豆區","67000070-022","麻口里",550,1340,665,675,"114Y12M"
"67000","臺南市","67000070","麻豆區","67000070-024","安業里",578,1362,716,646,"114Y12M"
"67000","臺南市","67000070","麻豆區","67000070-028","安正里",424,1016,511,505,"114Y12M"
"67000","臺南市","67000070","麻豆區","67000070-030","新興里",959,2205,1094,1111,"114Y12M"
"67000","臺南市","67000070","麻豆區","67000070-031","謝厝寮里",692,1746,920,826,"114Y12M"
"67000","臺南市","67000070","麻豆區","67000070-032","井東里",696,1849,949,900,"114Y12M"
"67000","臺南市","67000070","麻豆區","67000070-033","清水里",676,1591,840,751,"114Y12M"
"67000","臺南市","67000080","下營區","67000080-001","下營里",721,1493,799,694,"114Y12M"
"67000","臺南市","67000080","下營區","67000080-002","仁里里",881,2163,1126,1037,"114Y12M"
"67000","臺南市","67000080","下營區","67000080-003","宅內里",712,1665,852,813,"114Y12M"
"67000","臺南市","67000080","下營區","67000080-004","後街里",691,1661,842,819,"114Y12M"
"67000","臺南市","67000080","下營區","67000080-005","新興里",1036,2466,1192,1274,"114Y12M"
"67000","臺南市","67000080","下營區","67000080-006","營前里",994,2210,1119,1091,"114Y12M"
"67000","臺南市","67000080","下營區","67000080-011","開化里",753,1886,940,946,"114Y12M"
"67000","臺南市","67000080","下營區","67000080-012","西連里",400,880,487,393,"114Y12M"
"67000","臺南市","67000080","下營區","67000080-013","賀建里",618,1311,701,610,"114Y12M"
"67000","臺南市","67000080","下營區","67000080-016","茅營里",966,2246,1183,1063,"114Y12M"
"67000","臺南市","67000080","下營區","67000080-017","大吉里",740,1553,812,741,"114Y12M"
"67000","臺南市","67000080","下營區","67000080-018","紅甲里",984,2208,1139,1069,"114Y12M"
"67000","臺南市","67000090","六甲區","67000090-001","六甲里",1256,3143,1537,1606,"114Y12M"
"67000","臺南市","67000090","六甲區","67000090-002","甲東里",1149,2794,1451,1343,"114Y12M"
"67000","臺南市","67000090","六甲區","67000090-003","甲南里",601,1468,750,718,"114Y12M"
"67000","臺南市","67000090","六甲區","67000090-005","七甲里",843,2111,1093,1018,"114Y12M"
"67000","臺南市","67000090","六甲區","67000090-006","二甲里",1496,3866,1953,1913,"114Y12M"
"67000","臺南市","67000090","六甲區","67000090-007","水林里",838,2206,1146,1060,"114Y12M"
"67000","臺南市","67000090","六甲區","67000090-008","中社里",719,1713,885,828,"114Y12M"
"67000","臺南市","67000090","六甲區","67000090-009","龜港里",847,1810,935,875,"114Y12M"
"67000","臺南市","67000090","六甲區","67000090-010","菁埔里",250,592,313,279,"114Y12M"
"67000","臺南市","67000090","六甲區","67000090-011","王爺里",308,645,379,266,"114Y12M"
"67000","臺南市","67000090","六甲區","67000090-012","大丘里",302,532,305,227,"114Y12M"
"67000","臺南市","67000100","官田區","67000100-001","官田里",979,2273,1164,1109,"114Y12M"
"67000","臺南市","67000100","官田區","67000100-002","二鎮里",1564,3746,1879,1867,"114Y12M"
"67000","臺南市","67000100","官田區","67000100-005","大崎里",183,396,215,181,"114Y12M"
"67000","臺南市","67000100","官田區","67000100-006","隆田里",989,2255,1086,1169,"114Y12M"
"67000","臺南市","67000100","官田區","67000100-007","隆本里",1781,4192,2074,2118,"114Y12M"
"67000","臺南市","67000100","官田區","67000100-008","南?里",584,1382,697,685,"114Y12M"
"67000","臺南市","67000100","官田區","67000100-013","社子里",345,837,448,389,"114Y12M"
"67000","臺南市","67000100","官田區","67000100-014","烏山頭里",512,1180,644,536,"114Y12M"
"67000","臺南市","67000100","官田區","67000100-015","渡拔里",1063,2470,1282,1188,"114Y12M"
"67000","臺南市","67000100","官田區","67000100-016","東西庄里",705,1796,970,826,"114Y12M"
"67000","臺南市","67000110","大內區","67000110-001","石湖里",442,980,518,462,"114Y12M"
"67000","臺南市","67000110","大內區","67000110-002","石林里",260,590,304,286,"114Y12M"
"67000","臺南市","67000110","大內區","67000110-003","石城里",635,1504,781,723,"114Y12M"
"67000","臺南市","67000110","大內區","67000110-004","內江里",390,910,490,420,"114Y12M"
"67000","臺南市","67000110","大內區","67000110-005","大內里",346,764,412,352,"114Y12M"
"67000","臺南市","67000110","大內區","67000110-006","內郭里",228,610,336,274,"114Y12M"
"67000","臺南市","67000110","大內區","67000110-007","頭社里",414,989,543,446,"114Y12M"
"67000","臺南市","67000110","大內區","67000110-008","環湖里",337,746,406,340,"114Y12M"
"67000","臺南市","67000110","大內區","67000110-009","二溪里",373,778,427,351,"114Y12M"
"67000","臺南市","67000110","大內區","67000110-010","曲溪里",244,556,297,259,"114Y12M"
"67000","臺南市","67000120","佳里區","67000120-001","東寧里",1088,2388,1142,1246,"114Y12M"
"67000","臺南市","67000120","佳里區","67000120-002","忠仁里",1249,3152,1551,1601,"114Y12M"
"67000","臺南市","67000120","佳里區","67000120-003","鎮山里",2456,6402,3165,3237,"114Y12M"
"67000","臺南市","67000120","佳里區","67000120-004","建南里",2070,4935,2362,2573,"114Y12M"
"67000","臺南市","67000120","佳里區","67000120-005","安西里",2492,6679,3223,3456,"114Y12M"
"67000","臺南市","67000120","佳里區","67000120-006","六安里",2048,4807,2368,2439,"114Y12M"
"67000","臺南市","67000120","佳里區","67000120-007","佳化里",955,2350,1179,1171,"114Y12M"
"67000","臺南市","67000120","佳里區","67000120-012","海澄里",1002,2494,1262,1232,"114Y12M"
"67000","臺南市","67000120","佳里區","67000120-019","民安里",817,2054,1014,1040,"114Y12M"
"67000","臺南市","67000120","佳里區","67000120-020","子龍里",1194,2702,1377,1325,"114Y12M"
"67000","臺南市","67000120","佳里區","67000120-022","營溪里",467,1075,560,515,"114Y12M"
"67000","臺南市","67000120","佳里區","67000120-023","文新里",2369,6096,2877,3219,"114Y12M"
"67000","臺南市","67000120","佳里區","67000120-024","佳興里",989,2291,1178,1113,"114Y12M"
"67000","臺南市","67000120","佳里區","67000120-025","下營里",770,1860,961,899,"114Y12M"
"67000","臺南市","67000120","佳里區","67000120-026","塭內里",1214,2949,1540,1409,"114Y12M"
"67000","臺南市","67000120","佳里區","67000120-027","南勢里",2343,6094,2955,3139,"114Y12M"
"67000","臺南市","67000130","學甲區","67000130-001","仁得里",1742,4167,1995,2172,"114Y12M"
"67000","臺南市","67000130","學甲區","67000130-002","新榮里",1242,3139,1588,1551,"114Y12M"
"67000","臺南市","67000130","學甲區","67000130-003","光華里",514,1218,654,564,"114Y12M"
"67000","臺南市","67000130","學甲區","67000130-004","宅港里",342,803,423,380,"114Y12M"
"67000","臺南市","67000130","學甲區","67000130-005","慈福里",954,2261,1161,1100,"114Y12M"
"67000","臺南市","67000130","學甲區","67000130-006","秀昌里",1151,2824,1434,1390,"114Y12M"
"67000","臺南市","67000130","學甲區","67000130-007","明宜里",889,2055,1057,998,"114Y12M"
"67000","臺南市","67000130","學甲區","67000130-008","豐和里",521,1250,680,570,"114Y12M"
"67000","臺南市","67000130","學甲區","67000130-009","平和里",444,1005,536,469,"114Y12M"
"67000","臺南市","67000130","學甲區","67000130-010","新達里",887,2048,1064,984,"114Y12M"
"67000","臺南市","67000130","學甲區","67000130-011","大灣里",417,951,498,453,"114Y12M"
"67000","臺南市","67000130","學甲區","67000130-012","三慶里",570,1280,689,591,"114Y12M"
"67000","臺南市","67000130","學甲區","67000130-013","中洲里",614,1364,705,659,"114Y12M"
"67000","臺南市","67000140","西港區","67000140-001","西港里",1348,3464,1704,1760,"114Y12M"
"67000","臺南市","67000140","西港區","67000140-002","南海里",1155,3005,1521,1484,"114Y12M"
"67000","臺南市","67000140","西港區","67000140-003","港東里",694,1898,993,905,"114Y12M"
"67000","臺南市","67000140","西港區","67000140-004","檨林里",642,1721,884,837,"114Y12M"
"67000","臺南市","67000140","西港區","67000140-005","後營里",668,1722,864,858,"114Y12M"
"67000","臺南市","67000140","西港區","67000140-006","營西里",627,1617,823,794,"114Y12M"
"67000","臺南市","67000140","西港區","67000140-007","金砂里",288,773,409,364,"114Y12M"
"67000","臺南市","67000140","西港區","67000140-008","劉厝里",706,1690,870,820,"114Y12M"
"67000","臺南市","67000140","西港區","67000140-009","竹林里",576,1483,783,700,"114Y12M"
"67000","臺南市","67000140","西港區","67000140-010","永樂里",606,1509,779,730,"114Y12M"
"67000","臺南市","67000140","西港區","67000140-011","新復里",412,1011,484,527,"114Y12M"
"67000","臺南市","67000140","西港區","67000140-012","慶安里",1935,4918,2386,2532,"114Y12M"
"67000","臺南市","67000150","七股區","67000150-001","後港里",398,970,520,450,"114Y12M"
"67000","臺南市","67000150","七股區","67000150-002","大潭里",305,699,368,331,"114Y12M"
"67000","臺南市","67000150","七股區","67000150-004","篤加里",321,838,434,404,"114Y12M"
"67000","臺南市","67000150","七股區","67000150-005","頂山里",332,792,440,352,"114Y12M"
"67000","臺南市","67000150","七股區","67000150-006","西寮里",205,423,236,187,"114Y12M"
"67000","臺南市","67000150","七股區","67000150-007","?埕里",174,385,198,187,"114Y12M"
"67000","臺南市","67000150","七股區","67000150-008","龍山里",632,1609,813,796,"114Y12M"
"67000","臺南市","67000150","七股區","67000150-009","溪南里",173,382,181,201,"114Y12M"
"67000","臺南市","67000150","七股區","67000150-010","七股里",319,867,437,430,"114Y12M"
"67000","臺南市","67000150","七股區","67000150-011","玉成里",312,845,430,415,"114Y12M"
"67000","臺南市","67000150","七股區","67000150-012","大埕里",1109,2842,1425,1417,"114Y12M"
"67000","臺南市","67000150","七股區","67000150-015","樹林里",826,2078,1104,974,"114Y12M"
"67000","臺南市","67000150","七股區","67000150-017","中寮里",267,648,344,304,"114Y12M"
"67000","臺南市","67000150","七股區","67000150-018","竹橋里",527,1282,629,653,"114Y12M"
"67000","臺南市","67000150","七股區","67000150-019","義合里",744,1913,982,931,"114Y12M"
"67000","臺南市","67000150","七股區","67000150-021","永吉里",433,1112,571,541,"114Y12M"
"67000","臺南市","67000150","七股區","67000150-022","三股里",507,1336,686,650,"114Y12M"
"67000","臺南市","67000150","七股區","67000150-023","十份里",546,1472,800,672,"114Y12M"
"67000","臺南市","67000160","將軍區","67000160-001","長榮里",471,1201,602,599,"114Y12M"
"67000","臺南市","67000160","將軍區","67000160-013","玉山里",347,783,417,366,"114Y12M"
"67000","臺南市","67000160","將軍區","67000160-014","廣山里",270,571,299,272,"114Y12M"
"67000","臺南市","67000160","將軍區","67000160-015","長沙里",476,1324,674,650,"114Y12M"
"67000","臺南市","67000160","將軍區","67000160-016","平沙里",400,1110,533,577,"114Y12M"
"67000","臺南市","67000160","將軍區","67000160-017","鯤鯓里",724,1919,944,975,"114Y12M"
"67000","臺南市","67000160","將軍區","67000160-018","鯤溟里",391,989,468,521,"114Y12M"
"67000","臺南市","67000160","將軍區","67000160-019","巷埔里",496,1111,609,502,"114Y12M"
"67000","臺南市","67000160","將軍區","67000160-020","西甲里",1016,2477,1257,1220,"114Y12M"
"67000","臺南市","67000160","將軍區","67000160-021","忠嘉里",1066,2611,1319,1292,"114Y12M"
"67000","臺南市","67000160","將軍區","67000160-022","苓仔寮里",840,2016,1064,952,"114Y12M"
"67000","臺南市","67000160","將軍區","67000160-023","將軍里",633,1486,803,683,"114Y12M"
"67000","臺南市","67000170","北門區","67000170-001","保吉里",530,1367,671,696,"114Y12M"
"67000","臺南市","67000170","北門區","67000170-002","雙春里",175,431,223,208,"114Y12M"
"67000","臺南市","67000170","北門區","67000170-005","北門里",346,780,404,376,"114Y12M"
"67000","臺南市","67000170","北門區","67000170-006","錦湖里",432,902,477,425,"114Y12M"
"67000","臺南市","67000170","北門區","67000170-007","三光里",476,1227,615,612,"114Y12M"
"67000","臺南市","67000170","北門區","67000170-009","玉港里",302,663,365,298,"114Y12M"
"67000","臺南市","67000170","北門區","67000170-011","慈安里",299,725,338,387,"114Y12M"
"67000","臺南市","67000170","北門區","67000170-013","永隆里",334,812,379,433,"114Y12M"
"67000","臺南市","67000170","北門區","67000170-014","蚵寮里",516,1343,671,672,"114Y12M"
"67000","臺南市","67000170","北門區","67000170-015","文山里",521,1186,619,567,"114Y12M"
"67000","臺南市","67000180","新化區","67000180-001","武安里",1355,3273,1623,1650,"114Y12M"
"67000","臺南市","67000180","新化區","67000180-002","東榮里",1872,4487,2242,2245,"114Y12M"
"67000","臺南市","67000180","新化區","67000180-003","護國里",1159,2833,1458,1375,"114Y12M"
"67000","臺南市","67000180","新化區","67000180-004","太平里",1994,5146,2549,2597,"114Y12M"
"67000","臺南市","67000180","新化區","67000180-009","協興里",1372,3584,1766,1818,"114Y12M"
"67000","臺南市","67000180","新化區","67000180-010","唪口里",775,2380,1164,1216,"114Y12M"
"67000","臺南市","67000180","新化區","67000180-011","北勢里",641,1652,813,839,"114Y12M"
"67000","臺南市","67000180","新化區","67000180-012","豐榮里",1438,3884,1968,1916,"114Y12M"
"67000","臺南市","67000180","新化區","67000180-013","全興里",1169,3163,1554,1609,"114Y12M"
"67000","臺南市","67000180","新化區","67000180-014","崙頂里",813,2317,1233,1084,"114Y12M"
"67000","臺南市","67000180","新化區","67000180-015","知義里",884,2253,1157,1096,"114Y12M"
"67000","臺南市","67000180","新化區","67000180-016","山?里",985,2428,1264,1164,"114Y12M"
"67000","臺南市","67000180","新化區","67000180-017","大坑里",186,414,218,196,"114Y12M"
"67000","臺南市","67000180","新化區","67000180-018","[那]拔里",812,2243,1145,1098,"114Y12M"
"67000","臺南市","67000180","新化區","67000180-019","羊林里",336,948,507,441,"114Y12M"
"67000","臺南市","67000180","新化區","67000180-020","礁坑里",380,927,520,407,"114Y12M"
"67000","臺南市","67000190","善化區","67000190-001","東關里",629,1382,706,676,"114Y12M"
"67000","臺南市","67000190","善化區","67000190-002","坐駕里",2029,4766,2337,2429,"114Y12M"
"67000","臺南市","67000190","善化區","67000190-003","光文里",3341,7218,3500,3718,"114Y12M"
"67000","臺南市","67000190","善化區","67000190-004","文昌里",1433,3293,1657,1636,"114Y12M"
"67000","臺南市","67000190","善化區","67000190-005","南關里",772,2090,1025,1065,"114Y12M"
"67000","臺南市","67000190","善化區","67000190-008","文正里",780,1838,893,945,"114Y12M"
"67000","臺南市","67000190","善化區","67000190-009","胡家里",543,1298,678,620,"114Y12M"
"67000","臺南市","67000190","善化區","67000190-010","胡厝里",1019,2449,1269,1180,"114Y12M"
"67000","臺南市","67000190","善化區","67000190-011","什乃里",552,1384,697,687,"114Y12M"
"67000","臺南市","67000190","善化區","67000190-012","溪美里",957,2207,1116,1091,"114Y12M"
"67000","臺南市","67000190","善化區","67000190-013","六分里",334,748,376,372,"114Y12M"
"67000","臺南市","67000190","善化區","67000190-014","六德里",443,1090,563,527,"114Y12M"
"67000","臺南市","67000190","善化區","67000190-015","田寮里",711,1756,904,852,"114Y12M"
"67000","臺南市","67000190","善化區","67000190-018","牛庄里",842,1870,962,908,"114Y12M"
"67000","臺南市","67000190","善化區","67000190-019","嘉北里",757,1833,957,876,"114Y12M"
"67000","臺南市","67000190","善化區","67000190-020","嘉南里",499,1269,666,603,"114Y12M"
"67000","臺南市","67000190","善化區","67000190-021","小新里",2525,6034,3011,3023,"114Y12M"
"67000","臺南市","67000190","善化區","67000190-022","頂街里",698,1480,788,692,"114Y12M"
"67000","臺南市","67000190","善化區","67000190-023","昌隆里",1004,2320,1210,1110,"114Y12M"
"67000","臺南市","67000190","善化區","67000190-024","蓮潭里",3450,7563,3740,3823,"114Y12M"
"67000","臺南市","67000200","新市區","67000200-001","新市里",1494,3327,1628,1699,"114Y12M"
"67000","臺南市","67000200","新市區","67000200-002","新和里",3570,8054,4000,4054,"114Y12M"
"67000","臺南市","67000200","新市區","67000200-003","社內里",1655,3700,1862,1838,"114Y12M"
"67000","臺南市","67000200","新市區","67000200-004","大洲里",343,863,461,402,"114Y12M"
"67000","臺南市","67000200","新市區","67000200-005","豐華里",363,968,482,486,"114Y12M"
"67000","臺南市","67000200","新市區","67000200-006","三舍里",842,2248,1145,1103,"114Y12M"
"67000","臺南市","67000200","新市區","67000200-007","大營里",1750,4364,2191,2173,"114Y12M"
"67000","臺南市","67000200","新市區","67000200-008","大社里",1944,5184,2645,2539,"114Y12M"
"67000","臺南市","67000200","新市區","67000200-009","潭頂里",879,2049,1088,961,"114Y12M"
"67000","臺南市","67000200","新市區","67000200-010","港墘里",1564,3981,1961,2020,"114Y12M"
"67000","臺南市","67000200","新市區","67000200-011","永就里",1407,3541,1766,1775,"114Y12M"
"67000","臺南市","67000210","安定區","67000210-001","蘇林里",931,2233,1151,1082,"114Y12M"
"67000","臺南市","67000210","安定區","67000210-002","蘇厝里",887,2191,1089,1102,"114Y12M"
"67000","臺南市","67000210","安定區","67000210-003","安定里",629,1521,833,688,"114Y12M"
"67000","臺南市","67000210","安定區","67000210-004","安加里",991,2486,1363,1123,"114Y12M"
"67000","臺南市","67000210","安定區","67000210-006","港尾里",650,1708,890,818,"114Y12M"
"67000","臺南市","67000210","安定區","67000210-007","中榮里",958,2212,1105,1107,"114Y12M"
"67000","臺南市","67000210","安定區","67000210-008","港口里",1318,3373,1696,1677,"114Y12M"
"67000","臺南市","67000210","安定區","67000210-009","港南里",1344,3274,1657,1617,"114Y12M"
"67000","臺南市","67000210","安定區","67000210-012","中沙里",303,802,405,397,"114Y12M"
"67000","臺南市","67000210","安定區","67000210-013","新吉里",1132,2812,1443,1369,"114Y12M"
"67000","臺南市","67000210","安定區","67000210-014","海寮里",1061,2754,1428,1326,"114Y12M"
"67000","臺南市","67000210","安定區","67000210-017","文科里",741,1868,950,918,"114Y12M"
"67000","臺南市","67000210","安定區","67000210-018","嘉同里",932,2549,1317,1232,"114Y12M"
"67000","臺南市","67000220","山上區","67000220-001","明和里",733,1731,922,809,"114Y12M"
"67000","臺南市","67000220","山上區","67000220-002","南洲里",653,1570,851,719,"114Y12M"
"67000","臺南市","67000220","山上區","67000220-003","山上里",497,1260,656,604,"114Y12M"
"67000","臺南市","67000220","山上區","67000220-004","新莊里",365,943,479,464,"114Y12M"
"67000","臺南市","67000220","山上區","67000220-005","玉?里",229,541,293,248,"114Y12M"
"67000","臺南市","67000220","山上區","67000220-006","平陽里",150,343,186,157,"114Y12M"
"67000","臺南市","67000220","山上區","67000220-007","豐德里",149,408,214,194,"114Y12M"
"67000","臺南市","67000230","玉井區","67000230-001","玉井里",571,1206,595,611,"114Y12M"
"67000","臺南市","67000230","玉井區","67000230-002","玉田里",1754,3971,1981,1990,"114Y12M"
"67000","臺南市","67000230","玉井區","67000230-003","中正里",504,1213,644,569,"114Y12M"
"67000","臺南市","67000230","玉井區","67000230-004","竹圍里",601,1502,769,733,"114Y12M"
"67000","臺南市","67000230","玉井區","67000230-005","沙田里",214,503,263,240,"114Y12M"
"67000","臺南市","67000230","玉井區","67000230-006","三埔里",198,484,268,216,"114Y12M"
"67000","臺南市","67000230","玉井區","67000230-007","三和里",293,695,369,326,"114Y12M"
"67000","臺南市","67000230","玉井區","67000230-008","望明里",658,1590,848,742,"114Y12M"
"67000","臺南市","67000230","玉井區","67000230-009","層林里",249,574,310,264,"114Y12M"
"67000","臺南市","67000230","玉井區","67000230-010","豐里里",375,936,490,446,"114Y12M"
"67000","臺南市","67000240","楠西區","67000240-001","楠西里",815,1865,966,899,"114Y12M"
"67000","臺南市","67000240","楠西區","67000240-002","灣丘里",461,1118,616,502,"114Y12M"
"67000","臺南市","67000240","楠西區","67000240-003","密枝里",281,651,360,291,"114Y12M"
"67000","臺南市","67000240","楠西區","67000240-004","照興里",402,982,552,430,"114Y12M"
"67000","臺南市","67000240","楠西區","67000240-005","鹿田里",372,893,459,434,"114Y12M"
"67000","臺南市","67000240","楠西區","67000240-006","龜丹里",253,613,338,275,"114Y12M"
"67000","臺南市","67000240","楠西區","67000240-007","東勢里",972,2270,1136,1134,"114Y12M"
"67000","臺南市","67000250","南化區","67000250-001","南化里",599,1382,728,654,"114Y12M"
"67000","臺南市","67000250","南化區","67000250-002","小崙里",290,782,448,334,"114Y12M"
"67000","臺南市","67000250","南化區","67000250-003","中坑里",151,398,225,173,"114Y12M"
"67000","臺南市","67000250","南化區","67000250-004","北平里",211,541,291,250,"114Y12M"
"67000","臺南市","67000250","南化區","67000250-005","東和里",249,621,349,272,"114Y12M"
"67000","臺南市","67000250","南化區","67000250-006","西埔里",269,722,411,311,"114Y12M"
"67000","臺南市","67000250","南化區","67000250-007","北寮里",412,1074,576,498,"114Y12M"
"67000","臺南市","67000250","南化區","67000250-008","玉山里",354,1020,525,495,"114Y12M"
"67000","臺南市","67000250","南化區","67000250-009","關山里",297,1066,537,529,"114Y12M"
"67000","臺南市","67000260","左鎮區","67000260-001","光和里",163,366,216,150,"114Y12M"
"67000","臺南市","67000260","左鎮區","67000260-002","榮和里",244,604,324,280,"114Y12M"
"67000","臺南市","67000260","左鎮區","67000260-003","左鎮里",196,457,253,204,"114Y12M"
"67000","臺南市","67000260","左鎮區","67000260-004","中正里",322,700,378,322,"114Y12M"
"67000","臺南市","67000260","左鎮區","67000260-005","睦光里",130,328,196,132,"114Y12M"
"67000","臺南市","67000260","左鎮區","67000260-006","內庄里",165,324,200,124,"114Y12M"
"67000","臺南市","67000260","左鎮區","67000260-007","澄山里",201,453,267,186,"114Y12M"
"67000","臺南市","67000260","左鎮區","67000260-008","岡林里",161,381,220,161,"114Y12M"
"67000","臺南市","67000260","左鎮區","67000260-009","草山里",117,301,173,128,"114Y12M"
"67000","臺南市","67000260","左鎮區","67000260-010","二寮里",89,181,109,72,"114Y12M"
"67000","臺南市","67000270","仁德區","67000270-001","太子里",2526,6400,3179,3221,"114Y12M"
"67000","臺南市","67000270","仁德區","67000270-002","土庫里",1313,3274,1655,1619,"114Y12M"
"67000","臺南市","67000270","仁德區","67000270-003","一甲里",1194,3056,1580,1476,"114Y12M"
"67000","臺南市","67000270","仁德區","67000270-004","仁德里",4966,10999,5442,5557,"114Y12M"
"67000","臺南市","67000270","仁德區","67000270-005","仁義里",4080,10153,5145,5008,"114Y12M"
"67000","臺南市","67000270","仁德區","67000270-006","新田里",1550,3872,1900,1972,"114Y12M"
"67000","臺南市","67000270","仁德區","67000270-007","後壁里",4544,11089,5485,5604,"114Y12M"
"67000","臺南市","67000270","仁德區","67000270-008","上崙里",2700,7055,3570,3485,"114Y12M"
"67000","臺南市","67000270","仁德區","67000270-011","保安里",1358,3084,1539,1545,"114Y12M"
"67000","臺南市","67000270","仁德區","67000270-012","成功里",2371,5524,2714,2810,"114Y12M"
"67000","臺南市","67000270","仁德區","67000270-013","仁和里",889,1674,814,860,"114Y12M"
"67000","臺南市","67000270","仁德區","67000270-014","仁愛里",762,1523,761,762,"114Y12M"
"67000","臺南市","67000270","仁德區","67000270-015","二行里",956,2306,1159,1147,"114Y12M"
"67000","臺南市","67000270","仁德區","67000270-016","大甲里",969,2417,1234,1183,"114Y12M"
"67000","臺南市","67000270","仁德區","67000270-017","中洲里",1156,2694,1430,1264,"114Y12M"
"67000","臺南市","67000270","仁德區","67000270-019","文賢里",975,2376,1202,1174,"114Y12M"
"67000","臺南市","67000280","歸仁區","67000280-001","南保里",2457,6800,3385,3415,"114Y12M"
"67000","臺南市","67000280","歸仁區","67000280-002","六甲里",1886,4590,2364,2226,"114Y12M"
"67000","臺南市","67000280","歸仁區","67000280-003","歸仁里",1006,2568,1267,1301,"114Y12M"
"67000","臺南市","67000280","歸仁區","67000280-004","後市里",1448,3626,1788,1838,"114Y12M"
"67000","臺南市","67000280","歸仁區","67000280-005","辜厝里",1430,3622,1798,1824,"114Y12M"
"67000","臺南市","67000280","歸仁區","67000280-006","許厝里",1439,3769,1864,1905,"114Y12M"
"67000","臺南市","67000280","歸仁區","67000280-007","看西里",1034,2775,1383,1392,"114Y12M"
"67000","臺南市","67000280","歸仁區","67000280-008","看東里",824,2254,1154,1100,"114Y12M"
"67000","臺南市","67000280","歸仁區","67000280-009","崙頂里",1316,3693,1796,1897,"114Y12M"
"67000","臺南市","67000280","歸仁區","67000280-010","沙崙里",1502,2606,1258,1348,"114Y12M"
"67000","臺南市","67000280","歸仁區","67000280-011","大潭里",773,2202,1122,1080,"114Y12M"
"67000","臺南市","67000280","歸仁區","67000280-012","武東里",1572,3150,1686,1464,"114Y12M"
"67000","臺南市","67000280","歸仁區","67000280-013","八甲里",1253,3301,1578,1723,"114Y12M"
"67000","臺南市","67000280","歸仁區","67000280-014","七甲里",1659,4263,2179,2084,"114Y12M"
"67000","臺南市","67000280","歸仁區","67000280-015","媽廟里",846,2119,1134,985,"114Y12M"
"67000","臺南市","67000280","歸仁區","67000280-016","西埔里",724,1950,1028,922,"114Y12M"
"67000","臺南市","67000280","歸仁區","67000280-017","大廟里",1386,3602,1805,1797,"114Y12M"
"67000","臺南市","67000280","歸仁區","67000280-018","南興里",1760,5001,2493,2508,"114Y12M"
"67000","臺南市","67000280","歸仁區","67000280-019","新厝里",1055,2772,1404,1368,"114Y12M"
"67000","臺南市","67000280","歸仁區","67000280-020","歸南里",941,2548,1277,1271,"114Y12M"
"67000","臺南市","67000280","歸仁區","67000280-021","文化里",1197,3363,1656,1707,"114Y12M"
"67000","臺南市","67000290","關廟區","67000290-001","關廟里",1041,2660,1371,1289,"114Y12M"
"67000","臺南市","67000290","關廟區","67000290-002","山西里",847,2262,1182,1080,"114Y12M"
"67000","臺南市","67000290","關廟區","67000290-003","香洋里",1308,3240,1630,1610,"114Y12M"
"67000","臺南市","67000290","關廟區","67000290-004","北勢里",1056,2857,1472,1385,"114Y12M"
"67000","臺南市","67000290","關廟區","67000290-005","新埔里",661,1525,758,767,"114Y12M"
"67000","臺南市","67000290","關廟區","67000290-006","新光里",289,661,369,292,"114Y12M"
"67000","臺南市","67000290","關廟區","67000290-007","五甲里",1303,3582,1811,1771,"114Y12M"
"67000","臺南市","67000290","關廟區","67000290-008","東勢里",1188,3340,1702,1638,"114Y12M"
"67000","臺南市","67000290","關廟區","67000290-009","松腳里",771,2082,1025,1057,"114Y12M"
"67000","臺南市","67000290","關廟區","67000290-012","深坑里",668,1735,907,828,"114Y12M"
"67000","臺南市","67000290","關廟區","67000290-013","布袋里",452,1205,615,590,"114Y12M"
"67000","臺南市","67000290","關廟區","67000290-016","埤頭里",872,2207,1123,1084,"114Y12M"
"67000","臺南市","67000290","關廟區","67000290-017","下湖里",185,460,247,213,"114Y12M"
"67000","臺南市","67000290","關廟區","67000290-018","花園里",1451,3906,1948,1958,"114Y12M"
"67000","臺南市","67000290","關廟區","67000290-020","龜洞里",554,1476,789,687,"114Y12M"
"67000","臺南市","67000300","龍崎區","67000300-001","崎頂里",418,930,487,443,"114Y12M"
"67000","臺南市","67000300","龍崎區","67000300-002","土崎里",247,559,306,253,"114Y12M"
"67000","臺南市","67000300","龍崎區","67000300-003","中坑里",68,133,77,56,"114Y12M"
"67000","臺南市","67000300","龍崎區","67000300-004","楠坑里",138,368,197,171,"114Y12M"
"67000","臺南市","67000300","龍崎區","67000300-005","牛埔里",114,243,143,100,"114Y12M"
"67000","臺南市","67000300","龍崎區","67000300-006","大坪里",115,245,136,109,"114Y12M"
"67000","臺南市","67000300","龍崎區","67000300-007","龍船里",170,370,207,163,"114Y12M"
"67000","臺南市","67000300","龍崎區","67000300-008","石[曹]里",166,386,221,165,"114Y12M"
"67000","臺南市","67000310","永康區","67000310-001","五王里",2984,6499,3028,3471,"114Y12M"
"67000","臺南市","67000310","永康區","67000310-002","網寮里",3308,8172,3914,4258,"114Y12M"
"67000","臺南市","67000310","永康區","67000310-003","永康里",5019,10927,5592,5335,"114Y12M"
"67000","臺南市","67000310","永康區","67000310-004","埔園里",3559,9216,4551,4665,"114Y12M"
"67000","臺南市","67000310","永康區","67000310-005","大橋里",2541,6324,3013,3311,"114Y12M"
"67000","臺南市","67000310","永康區","67000310-006","王行里",952,2774,1371,1403,"114Y12M"
"67000","臺南市","67000310","永康區","67000310-007","烏竹里",1428,3746,1900,1846,"114Y12M"
"67000","臺南市","67000310","永康區","67000310-008","蔦松里",848,2188,1112,1076,"114Y12M"
"67000","臺南市","67000310","永康區","67000310-009","三民里",663,1730,896,834,"114Y12M"
"67000","臺南市","67000310","永康區","67000310-010","?行里",2642,5914,2849,3065,"114Y12M"
"67000","臺南市","67000310","永康區","67000310-011","甲頂里",950,2339,1126,1213,"114Y12M"
"67000","臺南市","67000310","永康區","67000310-012","大灣里",1537,3989,1946,2043,"114Y12M"
"67000","臺南市","67000310","永康區","67000310-013","東灣里",1481,3973,1983,1990,"114Y12M"
"67000","臺南市","67000310","永康區","67000310-014","西灣里",3299,8561,4181,4380,"114Y12M"
"67000","臺南市","67000310","永康區","67000310-015","南灣里",1662,4264,2178,2086,"114Y12M"
"67000","臺南市","67000310","永康區","67000310-016","崑山里",2618,6555,3259,3296,"114Y12M"
"67000","臺南市","67000310","永康區","67000310-017","北灣里",1764,4876,2439,2437,"114Y12M"
"67000","臺南市","67000310","永康區","67000310-018","新樹里",880,2431,1206,1225,"114Y12M"
"67000","臺南市","67000310","永康區","67000310-019","復興里",945,1952,903,1049,"114Y12M"
"67000","臺南市","67000310","永康區","67000310-020","復國里",4137,9514,4613,4901,"114Y12M"
"67000","臺南市","67000310","永康區","67000310-021","建國里",1229,2365,1131,1234,"114Y12M"
"67000","臺南市","67000310","永康區","67000310-022","神洲里",719,1480,685,795,"114Y12M"
"67000","臺南市","67000310","永康區","67000310-023","西勢里",2731,7305,3671,3634,"114Y12M"
"67000","臺南市","67000310","永康區","67000310-024","成功里",1146,2336,1088,1248,"114Y12M"
"67000","臺南市","67000310","永康區","67000310-025","中興里",1467,3497,1701,1796,"114Y12M"
"67000","臺南市","67000310","永康區","67000310-026","勝利里",4317,8999,4195,4804,"114Y12M"
"67000","臺南市","67000310","永康區","67000310-027","龍潭里",2707,7202,3619,3583,"114Y12M"
"67000","臺南市","67000310","永康區","67000310-028","光復里",867,1413,662,751,"114Y12M"
"67000","臺南市","67000310","永康區","67000310-029","?洲里",2579,6692,3337,3355,"114Y12M"
"67000","臺南市","67000310","永康區","67000310-030","二王里",3509,8829,4333,4496,"114Y12M"
"67000","臺南市","67000310","永康區","67000310-031","六合里",3178,6517,3000,3517,"114Y12M"
"67000","臺南市","67000310","永康區","67000310-032","三合里",1610,3907,1930,1977,"114Y12M"
"67000","臺南市","67000310","永康區","67000310-033","東橋里",5244,10842,5258,5584,"114Y12M"
"67000","臺南市","67000310","永康區","67000310-034","安康里",2655,5755,2621,3134,"114Y12M"
"67000","臺南市","67000310","永康區","67000310-035","西橋里",1444,3447,1636,1811,"114Y12M"
"67000","臺南市","67000310","永康區","67000310-036","尚頂里",2001,4449,2155,2294,"114Y12M"
"67000","臺南市","67000310","永康區","67000310-037","復華里",4265,10506,5124,5382,"114Y12M"
"67000","臺南市","67000310","永康區","67000310-038","正強里",3305,8806,4315,4491,"114Y12M"
"67000","臺南市","67000310","永康區","67000310-039","中華里",1514,3049,1461,1588,"114Y12M"
"67000","臺南市","67000310","永康區","67000310-040","北興里",2426,6593,3274,3319,"114Y12M"
"67000","臺南市","67000310","永康區","67000310-041","龍埔里",2008,5212,2600,2612,"114Y12M"
"67000","臺南市","67000310","永康區","67000310-042","永明里",2096,5399,2669,2730,"114Y12M"
"67000","臺南市","67000310","永康區","67000310-043","?興里",2355,5261,2602,2659,"114Y12M"
"67000","臺南市","67000320","東區","67000320-001","富裕里",1047,2305,1069,1236,"114Y12M"
"67000","臺南市","67000320","東區","67000320-002","裕農里",1484,3386,1573,1813,"114Y12M"
"67000","臺南市","67000320","東區","67000320-003","大智里",2964,7411,3604,3807,"114Y12M"
"67000","臺南市","67000320","東區","67000320-004","崇學里",1327,3089,1442,1647,"114Y12M"
"67000","臺南市","67000320","東區","67000320-005","泉南里",2421,4987,2355,2632,"114Y12M"
"67000","臺南市","67000320","東區","67000320-006","仁和里",2303,5164,2426,2738,"114Y12M"
"67000","臺南市","67000320","東區","67000320-007","後甲里",1523,3527,1689,1838,"114Y12M"
"67000","臺南市","67000320","東區","67000320-008","東光里",2494,5853,2743,3110,"114Y12M"
"67000","臺南市","67000320","東區","67000320-009","新東里",1162,2467,1125,1342,"114Y12M"
"67000","臺南市","67000320","東區","67000320-010","中西里",1623,3444,1613,1831,"114Y12M"
"67000","臺南市","67000320","東區","67000320-011","東安里",719,1509,769,740,"114Y12M"
"67000","臺南市","67000320","東區","67000320-012","崇明里",2034,4580,2157,2423,"114Y12M"
"67000","臺南市","67000320","東區","67000320-013","自強里",2976,6564,2981,3583,"114Y12M"
"67000","臺南市","67000320","東區","67000320-014","和平里",2843,6216,2934,3282,"114Y12M"
"67000","臺南市","67000320","東區","67000320-015","路東里",905,1749,764,985,"114Y12M"
"67000","臺南市","67000320","東區","67000320-016","大德里",771,1561,754,807,"114Y12M"
"67000","臺南市","67000320","東區","67000320-017","關聖里",2087,5707,2753,2954,"114Y12M"
"67000","臺南市","67000320","東區","67000320-018","衛國里",862,1770,833,937,"114Y12M"
"67000","臺南市","67000320","東區","67000320-019","崇善里",2452,5771,2636,3135,"114Y12M"
"67000","臺南市","67000320","東區","67000320-020","富強里",2124,5022,2388,2634,"114Y12M"
"67000","臺南市","67000320","東區","67000320-021","圍下里",978,2027,967,1060,"114Y12M"
"67000","臺南市","67000320","東區","67000320-022","小東里",2228,5083,2448,2635,"114Y12M"
"67000","臺南市","67000320","東區","67000320-023","大學里",540,1131,553,578,"114Y12M"
"67000","臺南市","67000320","東區","67000320-024","龍山里",2677,5335,2380,2955,"114Y12M"
"67000","臺南市","67000320","東區","67000320-025","虎尾里",2464,6344,3077,3267,"114Y12M"
"67000","臺南市","67000320","東區","67000320-026","德高里",1900,4253,2050,2203,"114Y12M"
"67000","臺南市","67000320","東區","67000320-027","莊敬里",1918,4342,2047,2295,"114Y12M"
"67000","臺南市","67000320","東區","67000320-028","大福里",776,1639,813,826,"114Y12M"
"67000","臺南市","67000320","東區","67000320-029","忠孝里",2089,4304,2037,2267,"114Y12M"
"67000","臺南市","67000320","東區","67000320-030","崇誨里",1299,2680,1264,1416,"114Y12M"
"67000","臺南市","67000320","東區","67000320-031","東明里",1579,3565,1709,1856,"114Y12M"
"67000","臺南市","67000320","東區","67000320-032","崇德里",1978,5063,2415,2648,"114Y12M"
"67000","臺南市","67000320","東區","67000320-033","東智里",2483,4799,2273,2526,"114Y12M"
"67000","臺南市","67000320","東區","67000320-034","東聖里",1183,2522,1173,1349,"114Y12M"
"67000","臺南市","67000320","東區","67000320-035","崇成里",1353,3307,1535,1772,"114Y12M"
"67000","臺南市","67000320","東區","67000320-036","東門里",894,1861,876,985,"114Y12M"
"67000","臺南市","67000320","東區","67000320-037","成大里",1110,2159,1076,1083,"114Y12M"
"67000","臺南市","67000320","東區","67000320-038","大同里",1516,2997,1465,1532,"114Y12M"
"67000","臺南市","67000320","東區","67000320-039","德光里",1940,4333,1971,2362,"114Y12M"
"67000","臺南市","67000320","東區","67000320-040","崇信里",2453,4846,2470,2376,"114Y12M"
"67000","臺南市","67000320","東區","67000320-041","崇文里",2769,6956,3250,3706,"114Y12M"
"67000","臺南市","67000320","東區","67000320-042","復興里",1469,3935,1794,2141,"114Y12M"
"67000","臺南市","67000320","東區","67000320-043","裕聖里",2283,6549,3173,3376,"114Y12M"
"67000","臺南市","67000320","東區","67000320-044","南聖里",1205,3177,1584,1593,"114Y12M"
"67000","臺南市","67000320","東區","67000320-045","文聖里",2036,5567,2626,2941,"114Y12M"
"67000","臺南市","67000330","南區","67000330-001","竹溪里",830,1742,815,927,"114Y12M"
"67000","臺南市","67000330","南區","67000330-003","明德里",958,1740,817,923,"114Y12M"
"67000","臺南市","67000330","南區","67000330-004","大成里",1369,2464,1103,1361,"114Y12M"
"67000","臺南市","67000330","南區","67000330-005","廣州里",966,2223,1074,1149,"114Y12M"
"67000","臺南市","67000330","南區","67000330-006","新昌里",1147,2317,1102,1215,"114Y12M"
"67000","臺南市","67000330","南區","67000330-007","新興里",1224,2782,1302,1480,"114Y12M"
"67000","臺南市","67000330","南區","67000330-008","田寮里",1469,3347,1591,1756,"114Y12M"
"67000","臺南市","67000330","南區","67000330-009","國宅里",1292,3020,1459,1561,"114Y12M"
"67000","臺南市","67000330","南區","67000330-011","光明里",1867,4317,2096,2221,"114Y12M"
"67000","臺南市","67000330","南區","67000330-013","明亮里",1527,3878,1847,2031,"114Y12M"
"67000","臺南市","67000330","南區","67000330-014","喜東里",884,2312,1179,1133,"114Y12M"
"67000","臺南市","67000330","南區","67000330-015","喜北里",848,2335,1208,1127,"114Y12M"
"67000","臺南市","67000330","南區","67000330-016","喜南里",478,1189,623,566,"114Y12M"
"67000","臺南市","67000330","南區","67000330-017","省躬里",1907,4888,2476,2412,"114Y12M"
"67000","臺南市","67000330","南區","67000330-018","興農里",1771,3960,1958,2002,"114Y12M"
"67000","臺南市","67000330","南區","67000330-019","同安里",867,2411,1213,1198,"114Y12M"
"67000","臺南市","67000330","南區","67000330-020","佛壇里",935,2780,1436,1344,"114Y12M"
"67000","臺南市","67000330","南區","67000330-021","大林里",1172,2409,1133,1276,"114Y12M"
"67000","臺南市","67000330","南區","67000330-022","大忠里",2060,4731,2304,2427,"114Y12M"
"67000","臺南市","67000330","南區","67000330-023","大恩里",1555,3603,1733,1870,"114Y12M"
"67000","臺南市","67000330","南區","67000330-024","新生里",2035,3685,1703,1982,"114Y12M"
"67000","臺南市","67000330","南區","67000330-025","再興里",1030,2414,1148,1266,"114Y12M"
"67000","臺南市","67000330","南區","67000330-026","明興里",1346,3475,1651,1824,"114Y12M"
"67000","臺南市","67000330","南區","67000330-027","文華里",1384,3284,1566,1718,"114Y12M"
"67000","臺南市","67000330","南區","67000330-028","金華里",2253,5239,2513,2726,"114Y12M"
"67000","臺南市","67000330","南區","67000330-029","南都里",1505,2989,1591,1398,"114Y12M"
"67000","臺南市","67000330","南區","67000330-030","開南里",2616,6185,2954,3231,"114Y12M"
"67000","臺南市","67000330","南區","67000330-031","彰南里",651,1484,719,765,"114Y12M"
"67000","臺南市","67000330","南區","67000330-032","建南里",2067,5494,2836,2658,"114Y12M"
"67000","臺南市","67000330","南區","67000330-033","郡南里",1519,3882,1947,1935,"114Y12M"
"67000","臺南市","67000330","南區","67000330-034","府南里",2068,5304,2572,2732,"114Y12M"
"67000","臺南市","67000330","南區","67000330-035","文南里",2224,5348,2533,2815,"114Y12M"
"67000","臺南市","67000330","南區","67000330-036","鯤鯓里",683,1804,921,883,"114Y12M"
"67000","臺南市","67000330","南區","67000330-037","松安里",650,1900,1012,888,"114Y12M"
"67000","臺南市","67000330","南區","67000330-038","永寧里",635,1777,943,834,"114Y12M"
"67000","臺南市","67000330","南區","67000330-039","南華里",1104,2580,1265,1315,"114Y12M"
"67000","臺南市","67000330","南區","67000330-040","鹽埕里",1570,3829,1958,1871,"114Y12M"
"67000","臺南市","67000340","北區","67000340-001","開元里",1508,3393,1660,1733,"114Y12M"
"67000","臺南市","67000340","北區","67000340-004","東興里",972,2257,1122,1135,"114Y12M"
"67000","臺南市","67000340","北區","67000340-005","力行里",1099,2478,1210,1268,"114Y12M"
"67000","臺南市","67000340","北區","67000340-007","振興里",942,1973,964,1009,"114Y12M"
"67000","臺南市","67000340","北區","67000340-008","仁愛里",1215,2335,1104,1231,"114Y12M"
"67000","臺南市","67000340","北區","67000340-018","大豐里",1886,4482,2196,2286,"114Y12M"
"67000","臺南市","67000340","北區","67000340-019","重興里",1311,2463,1189,1274,"114Y12M"
"67000","臺南市","67000340","北區","67000340-020","和順里",2549,5701,2592,3109,"114Y12M"
"67000","臺南市","67000340","北區","67000340-023","正覺里",1424,3152,1560,1592,"114Y12M"
"67000","臺南市","67000340","北區","67000340-024","成功里",2171,5438,2599,2839,"114Y12M"
"67000","臺南市","67000340","北區","67000340-025","文元里",1529,4101,1979,2122,"114Y12M"
"67000","臺南市","67000340","北區","67000340-026","大港里",2203,5717,2805,2912,"114Y12M"
"67000","臺南市","67000340","北區","67000340-032","中樓里",747,1441,674,767,"114Y12M"
"67000","臺南市","67000340","北區","67000340-033","公園里",1137,1919,876,1043,"114Y12M"
"67000","臺南市","67000340","北區","67000340-038","元寶里",2965,5112,2232,2880,"114Y12M"
"67000","臺南市","67000340","北區","67000340-039","永祥里",1347,3214,1592,1622,"114Y12M"
"67000","臺南市","67000340","北區","67000340-040","成德里",2099,5398,2567,2831,"114Y12M"
"67000","臺南市","67000340","北區","67000340-041","文成里",1321,3309,1624,1685,"114Y12M"
"67000","臺南市","67000340","北區","67000340-042","大和里",1469,3955,1887,2068,"114Y12M"
"67000","臺南市","67000340","北區","67000340-043","賢北里",1569,4027,2032,1995,"114Y12M"
"67000","臺南市","67000340","北區","67000340-044","長勝里",2000,3995,1918,2077,"114Y12M"
"67000","臺南市","67000340","北區","67000340-045","合興里",1644,3515,1720,1795,"114Y12M"
"67000","臺南市","67000340","北區","67000340-046","北門里",2495,5537,2703,2834,"114Y12M"
"67000","臺南市","67000340","北區","67000340-047","小北里",1835,4103,2041,2062,"114Y12M"
"67000","臺南市","67000340","北區","67000340-048","大光里",2545,5137,2386,2751,"114Y12M"
"67000","臺南市","67000340","北區","67000340-049","大興里",1444,3097,1558,1539,"114Y12M"
"67000","臺南市","67000340","北區","67000340-050","長興里",1356,2915,1394,1521,"114Y12M"
"67000","臺南市","67000340","北區","67000340-051","北華里",2252,4224,2232,1992,"114Y12M"
"67000","臺南市","67000340","北區","67000340-052","華德里",1986,5021,2353,2668,"114Y12M"
"67000","臺南市","67000340","北區","67000340-053","福德里",2833,6984,3295,3689,"114Y12M"
"67000","臺南市","67000340","北區","67000340-054","立人里",1426,2928,1364,1564,"114Y12M"
"67000","臺南市","67000340","北區","67000340-055","雙安里",1126,2572,1239,1333,"114Y12M"
"67000","臺南市","67000340","北區","67000340-056","元美里",1317,3546,1754,1792,"114Y12M"
"67000","臺南市","67000350","安南區","67000350-001","東和里",1934,4240,2133,2107,"114Y12M"
"67000","臺南市","67000350","安南區","67000350-002","安順里",2287,6092,3084,3008,"114Y12M"
"67000","臺南市","67000350","安南區","67000350-003","塭南里",1867,5506,2722,2784,"114Y12M"
"67000","臺南市","67000350","安南區","67000350-004","州南里",2364,6413,3221,3192,"114Y12M"
"67000","臺南市","67000350","安南區","67000350-005","州北里",1797,5320,2660,2660,"114Y12M"
"67000","臺南市","67000350","安南區","67000350-006","安東里",1238,3241,1651,1590,"114Y12M"
"67000","臺南市","67000350","安南區","67000350-007","安西里",1788,4352,2159,2193,"114Y12M"
"67000","臺南市","67000350","安南區","67000350-008","頂安里",2318,5800,2890,2910,"114Y12M"
"67000","臺南市","67000350","安南區","67000350-009","安慶里",3054,7570,3748,3822,"114Y12M"
"67000","臺南市","67000350","安南區","67000350-010","新順里",2977,7988,3958,4030,"114Y12M"
"67000","臺南市","67000350","安南區","67000350-011","原佃里",1044,2657,1367,1290,"114Y12M"
"67000","臺南市","67000350","安南區","67000350-012","總頭里",736,1967,1028,939,"114Y12M"
"67000","臺南市","67000350","安南區","67000350-013","長安里",2088,5692,2949,2743,"114Y12M"
"67000","臺南市","67000350","安南區","67000350-014","公親里",431,1242,635,607,"114Y12M"
"67000","臺南市","67000350","安南區","67000350-015","海東里",2566,6717,3355,3362,"114Y12M"
"67000","臺南市","67000350","安南區","67000350-016","海西里",1164,3199,1596,1603,"114Y12M"
"67000","臺南市","67000350","安南區","67000350-017","海南里",1765,4090,1971,2119,"114Y12M"
"67000","臺南市","67000350","安南區","67000350-018","溪心里",4074,9983,5208,4775,"114Y12M"
"67000","臺南市","67000350","安南區","67000350-019","?田里",764,1859,942,917,"114Y12M"
"67000","臺南市","67000350","安南區","67000350-020","淵東里",2088,5882,2941,2941,"114Y12M"
"67000","臺南市","67000350","安南區","67000350-021","淵西里",1801,5021,2465,2556,"114Y12M"
"67000","臺南市","67000350","安南區","67000350-022","佃東里",1519,3958,2056,1902,"114Y12M"
"67000","臺南市","67000350","安南區","67000350-023","佃西里",1005,2578,1300,1278,"114Y12M"
"67000","臺南市","67000350","安南區","67000350-024","公塭里",409,1141,598,543,"114Y12M"
"67000","臺南市","67000350","安南區","67000350-025","南興里",873,2155,1125,1030,"114Y12M"
"67000","臺南市","67000350","安南區","67000350-026","學東里",1418,3471,1773,1698,"114Y12M"
"67000","臺南市","67000350","安南區","67000350-027","城東里",635,1796,921,875,"114Y12M"
"67000","臺南市","67000350","安南區","67000350-028","城北里",608,1731,855,876,"114Y12M"
"67000","臺南市","67000350","安南區","67000350-029","城中里",389,1166,555,611,"114Y12M"
"67000","臺南市","67000350","安南區","67000350-030","城南里",1348,3818,1906,1912,"114Y12M"
"67000","臺南市","67000350","安南區","67000350-031","城西里",540,1600,776,824,"114Y12M"
"67000","臺南市","67000350","安南區","67000350-032","青草里",507,1631,837,794,"114Y12M"
"67000","臺南市","67000350","安南區","67000350-033","砂崙里",466,1458,748,710,"114Y12M"
"67000","臺南市","67000350","安南區","67000350-035","鹿耳里",332,918,467,451,"114Y12M"
"67000","臺南市","67000350","安南區","67000350-036","四草里",669,2062,1043,1019,"114Y12M"
"67000","臺南市","67000350","安南區","67000350-037","安和里",939,2401,1189,1212,"114Y12M"
"67000","臺南市","67000350","安南區","67000350-038","溪北里",1215,2974,1442,1532,"114Y12M"
"67000","臺南市","67000350","安南區","67000350-039","溪頂里",1899,5092,2464,2628,"114Y12M"
"67000","臺南市","67000350","安南區","67000350-040","溪墘里",1289,3492,1737,1755,"114Y12M"
"67000","臺南市","67000350","安南區","67000350-041","海佃里",1717,4968,2450,2518,"114Y12M"
"67000","臺南市","67000350","安南區","67000350-042","幸福里",1505,4146,2098,2048,"114Y12M"
"67000","臺南市","67000350","安南區","67000350-043","鳳凰里",2185,5023,2388,2635,"114Y12M"
"67000","臺南市","67000350","安南區","67000350-044","梅花里",2065,4907,2444,2463,"114Y12M"
"67000","臺南市","67000350","安南區","67000350-045","理想里",1853,5091,2540,2551,"114Y12M"
"67000","臺南市","67000350","安南區","67000350-046","溪東里",2257,5715,2758,2957,"114Y12M"
"67000","臺南市","67000350","安南區","67000350-047","淵中里",1512,4016,2006,2010,"114Y12M"
"67000","臺南市","67000350","安南區","67000350-048","布袋里",861,2059,1067,992,"114Y12M"
"67000","臺南市","67000350","安南區","67000350-049","國安里",3504,7763,3718,4045,"114Y12M"
"67000","臺南市","67000350","安南區","67000350-050","安富里",2458,6534,3264,3270,"114Y12M"
"67000","臺南市","67000350","安南區","67000350-051","大安里",1835,4502,2275,2227,"114Y12M"
"67000","臺南市","67000350","安南區","67000350-052","媽祖宮里",505,1537,756,781,"114Y12M"
"67000","臺南市","67000360","安平區","67000360-002","金城里",1016,2384,1157,1227,"114Y12M"
"67000","臺南市","67000360","安平區","67000360-004","漁光里",199,416,228,188,"114Y12M"
"67000","臺南市","67000360","安平區","67000360-005","建平里",2986,6606,3087,3519,"114Y12M"
"67000","臺南市","67000360","安平區","67000360-006","怡平里",2416,5256,2442,2814,"114Y12M"
"67000","臺南市","67000360","安平區","67000360-007","華平里",2424,5587,2662,2925,"114Y12M"
"67000","臺南市","67000360","安平區","67000360-008","平通里",4260,8970,4060,4910,"114Y12M"
"67000","臺南市","67000360","安平區","67000360-009","文平里",2802,6444,3004,3440,"114Y12M"
"67000","臺南市","67000360","安平區","67000360-010","國平里",6165,11957,5404,6553,"114Y12M"
"67000","臺南市","67000360","安平區","67000360-011","育平里",4598,10007,4551,5456,"114Y12M"
"67000","臺南市","67000360","安平區","67000360-012","億載里",1535,3893,1875,2018,"114Y12M"
"67000","臺南市","67000360","安平區","67000360-015","平安里",1451,3395,1615,1780,"114Y12M"
"67000","臺南市","67000360","安平區","67000360-016","天妃里",1388,3329,1696,1633,"114Y12M"
"67000","臺南市","67000360","安平區","67000360-017","王城里",1128,3012,1476,1536,"114Y12M"
"67000","臺南市","67000370","中西區","67000370-005","赤嵌里",2084,4554,2257,2297,"114Y12M"
"67000","臺南市","67000370","中西區","67000370-007","郡王里",1690,4083,1887,2196,"114Y12M"
"67000","臺南市","67000370","中西區","67000370-009","法華里",1519,3727,1680,2047,"114Y12M"
"67000","臺南市","67000370","中西區","67000370-011","開山里",1278,2984,1426,1558,"114Y12M"
"67000","臺南市","67000370","中西區","67000370-016","永華里",1436,3293,1546,1747,"114Y12M"
"67000","臺南市","67000370","中西區","67000370-022","藥王里",1594,3303,1614,1689,"114Y12M"
"67000","臺南市","67000370","中西區","67000370-025","光賢里",1607,3931,1916,2015,"114Y12M"
"67000","臺南市","67000370","中西區","67000370-031","大涼里",1427,3077,1433,1644,"114Y12M"
"67000","臺南市","67000370","中西區","67000370-033","西湖里",3040,6895,3217,3678,"114Y12M"
"67000","臺南市","67000370","中西區","67000370-034","西賢里",2189,5461,2726,2735,"114Y12M"
"67000","臺南市","67000370","中西區","67000370-039","城隍里",2276,4691,2245,2446,"114Y12M"
"67000","臺南市","67000370","中西區","67000370-040","南美里",1716,3869,1900,1969,"114Y12M"
"67000","臺南市","67000370","中西區","67000370-041","南門里",1394,3192,1442,1750,"114Y12M"
"67000","臺南市","67000370","中西區","67000370-042","小西門里",1641,3480,1616,1864,"114Y12M"
"67000","臺南市","67000370","中西區","67000370-043","五條港里",989,1957,1002,955,"114Y12M"
"67000","臺南市","67000370","中西區","67000370-044","兌悅里",2024,4106,2152,1954,"114Y12M"
"67000","臺南市","67000370","中西區","67000370-045","淺草里",1540,2709,1286,1423,"114Y12M"
"67000","臺南市","67000370","中西區","67000370-046","府前里",1083,2022,996,1026,"114Y12M"
"67000","臺南市","67000370","中西區","67000370-047","南廠里",1937,3920,1993,1927,"114Y12M"
"67000","臺南市","67000370","中西區","67000370-048","西和里",2164,4548,2171,2377,"114Y12M"
